{"cameraMode":{"drawMode":0,"name":"Shaded","section":"Shading Mode"},"sceneLighting":true,"audioPlay":false,"sceneViewState":{"m_AlwaysRefresh":false,"showFog":true,"showSkybox":true,"showFlares":true,"showImageEffects":true,"showParticleSystems":true,"showVisualEffectGraphs":true,"m_FxEnabled":true},"in2DMode":false,"pivot":{"x":13.885663032531739,"y":-2.6057205200195314,"z":-14.242636680603028},"rotation":{"x":-0.07865791022777558,"y":-0.8614235520362854,"z":0.141168475151062,"w":-0.48155638575553896},"size":12.125563621520996,"orthographic":false}